{
  "test_full": {
    "label": "전체 test",
    "baseline": {
      "n_images": 19164,
      "precision": 0.6290381234784107,
      "recall": 0.4479692136970542,
      "map50": 0.48777472370895325,
      "map50_95": 0.24128697424833914
    },
    "finetuned": {
      "n_images": 19164,
      "precision": 0.8552320723757934,
      "recall": 0.6926205516897344,
      "map50": 0.8025133708683768,
      "map50_95": 0.551422331539751
    }
  },
  "test_public": {
    "label": "공개데이터 test",
    "baseline": {
      "n_images": 9518,
      "precision": 0.7078877561521537,
      "recall": 0.49367178180788907,
      "map50": 0.5642229137296816,
      "map50_95": 0.3074644482861628
    },
    "finetuned": {
      "n_images": 9518,
      "precision": 0.8161463143445861,
      "recall": 0.6522613776510786,
      "map50": 0.7591749558080467,
      "map50_95": 0.47655291341843864
    }
  },
  "test_synthetic": {
    "label": "합성 test (전체)",
    "baseline": {
      "n_images": 9517,
      "precision": 0.5426206751604539,
      "recall": 0.40322381930184803,
      "map50": 0.4053680513111966,
      "map50_95": 0.17183389513037486
    },
    "finetuned": {
      "n_images": 9517,
      "precision": 0.8896408977972942,
      "recall": 0.7352258726899384,
      "map50": 0.8425218607470379,
      "map50_95": 0.6187726118460793
    }
  },
  "test_synthetic_occ30": {
    "label": "합성 occlusion 30%",
    "baseline": {
      "n_images": 3165,
      "precision": 0.6272323049224662,
      "recall": 0.4360895244016164,
      "map50": 0.4742380954504105,
      "map50_95": 0.18396740526403446
    },
    "finetuned": {
      "n_images": 3165,
      "precision": 0.8924326096941458,
      "recall": 0.7239126248323428,
      "map50": 0.8319336540353055,
      "map50_95": 0.6133231657112835
    }
  },
  "test_synthetic_occ50": {
    "label": "합성 occlusion 50%",
    "baseline": {
      "n_images": 3219,
      "precision": 0.5187052763443971,
      "recall": 0.40586903247820827,
      "map50": 0.38853927907014385,
      "map50_95": 0.16828245855545196
    },
    "finetuned": {
      "n_images": 3219,
      "precision": 0.8898493859090056,
      "recall": 0.7442715401204246,
      "map50": 0.8483234408517082,
      "map50_95": 0.6246016819455897
    }
  },
  "test_synthetic_occ70": {
    "label": "합성 occlusion 70%",
    "baseline": {
      "n_images": 3133,
      "precision": 0.48744514758894225,
      "recall": 0.3724426393477404,
      "map50": 0.3517942069815312,
      "map50_95": 0.1653589634267744
    },
    "finetuned": {
      "n_images": 3133,
      "precision": 0.8880520942845858,
      "recall": 0.7379000690910893,
      "map50": 0.8477352119486163,
      "map50_95": 0.6195279000455073
    }
  },
  "test_own_capture": {
    "label": "자체촬영 test",
    "baseline": {
      "n_images": 129,
      "precision": 0.929334901530996,
      "recall": 0.7131782945736435,
      "map50": 0.8363803915103741,
      "map50_95": 0.5235524764947209
    },
    "finetuned": {
      "n_images": 129,
      "precision": 0.9919895335668276,
      "recall": 0.8604651162790697,
      "map50": 0.9706572057797554,
      "map50_95": 0.8000685342579512
    }
  }
}