{
  "n_images": 3219,
  "precision": 0.5187052763443971,
  "recall": 0.40586903247820827,
  "map50": 0.38853927907014385,
  "map50_95": 0.16828245855545196
}