{
  "n_images": 9518,
  "precision": 0.7078877561521537,
  "recall": 0.49367178180788907,
  "map50": 0.5642229137296816,
  "map50_95": 0.3074644482861628
}