{
  "n_images": 9517,
  "precision": 0.5426206751604539,
  "recall": 0.40322381930184803,
  "map50": 0.4053680513111966,
  "map50_95": 0.17183389513037486
}