{
  "n_images": 3133,
  "precision": 0.48744514758894225,
  "recall": 0.3724426393477404,
  "map50": 0.3517942069815312,
  "map50_95": 0.1653589634267744
}