{
  "n_images": 129,
  "precision": 0.929334901530996,
  "recall": 0.7131782945736435,
  "map50": 0.8363803915103741,
  "map50_95": 0.5235524764947209
}