{
  "n_images": 19164,
  "precision": 0.6290381234784107,
  "recall": 0.4479692136970542,
  "map50": 0.48777472370895325,
  "map50_95": 0.24128697424833914
}