{
  "n_images": 3165,
  "precision": 0.6272323049224662,
  "recall": 0.4360895244016164,
  "map50": 0.4742380954504105,
  "map50_95": 0.18396740526403446
}